-- phpMyAdmin SQL Dump
-- version 4.9.0.1
-- https://www.phpmyadmin.net/
--
-- ホスト: localhost:8889
-- 生成日時: 2020 年 2 月 26 日 13:39
-- サーバのバージョン： 5.7.26
-- PHP のバージョン: 7.3.7

SET SQL_MODE = "NO_AUTO_VALUE_ON_ZERO";
SET time_zone = "+00:00";


/*!40101 SET @OLD_CHARACTER_SET_CLIENT=@@CHARACTER_SET_CLIENT */;
/*!40101 SET @OLD_CHARACTER_SET_RESULTS=@@CHARACTER_SET_RESULTS */;
/*!40101 SET @OLD_COLLATION_CONNECTION=@@COLLATION_CONNECTION */;
/*!40101 SET NAMES utf8mb4 */;

--
-- データベース: `output`
--

-- --------------------------------------------------------

--
-- テーブルの構造 `board`
--

CREATE TABLE `board` (
  `id` int(11) NOT NULL,
  `request_user` int(11) NOT NULL,
  `request_id` int(11) NOT NULL,
  `create_date` datetime NOT NULL,
  `update_date` timestamp NOT NULL DEFAULT CURRENT_TIMESTAMP ON UPDATE CURRENT_TIMESTAMP
) ENGINE=InnoDB DEFAULT CHARSET=utf8;

--
-- テーブルのデータのダンプ `board`
--

INSERT INTO `board` (`id`, `request_user`, `request_id`, `create_date`, `update_date`) VALUES
(10, 22, 91, '2019-10-02 19:35:40', '2019-10-02 10:35:40'),
(11, 22, 92, '2019-10-02 19:36:45', '2019-10-02 10:36:45'),
(12, 22, 93, '2019-10-02 19:38:08', '2019-10-02 10:38:08'),
(13, 22, 94, '2019-10-02 19:38:58', '2019-10-02 10:38:58'),
(14, 22, 95, '2019-10-02 19:40:04', '2019-10-02 10:40:04'),
(15, 22, 96, '2019-10-02 19:40:46', '2019-10-02 10:40:46'),
(16, 22, 97, '2019-10-02 19:44:24', '2019-10-02 10:44:24'),
(17, 22, 98, '2019-10-02 19:45:26', '2019-10-02 10:45:26'),
(18, 23, 99, '2019-10-02 19:48:14', '2019-10-02 10:48:14'),
(19, 23, 100, '2019-10-02 19:49:29', '2019-10-02 10:49:29'),
(20, 24, 101, '2019-10-02 20:02:59', '2019-10-02 11:02:59'),
(21, 24, 102, '2019-10-02 20:04:26', '2019-10-02 11:04:26'),
(22, 24, 103, '2019-10-02 20:23:22', '2019-10-02 11:23:22'),
(23, 25, 104, '2019-10-02 21:53:09', '2019-10-02 12:53:09'),
(24, 26, 105, '2019-10-02 21:59:16', '2019-10-02 12:59:16'),
(25, 28, 106, '2019-10-02 22:18:04', '2019-10-02 13:18:04'),
(26, 29, 107, '2019-10-02 22:25:10', '2019-10-02 13:25:10'),
(27, 30, 108, '2019-10-02 22:31:38', '2019-10-02 13:31:38');

-- --------------------------------------------------------

--
-- テーブルの構造 `comment`
--

CREATE TABLE `comment` (
  `id` int(11) NOT NULL,
  `send_user` int(11) NOT NULL,
  `board_id` int(11) NOT NULL,
  `comment` varchar(255) NOT NULL,
  `send_date` datetime NOT NULL,
  `create_date` datetime NOT NULL,
  `update_date` timestamp NOT NULL DEFAULT CURRENT_TIMESTAMP ON UPDATE CURRENT_TIMESTAMP
) ENGINE=InnoDB DEFAULT CHARSET=utf8;

--
-- テーブルのデータのダンプ `comment`
--

INSERT INTO `comment` (`id`, `send_user`, `board_id`, `comment`, `send_date`, `create_date`, `update_date`) VALUES
(56, 22, 10, 'よろしくお願いします', '2019-10-02 19:36:59', '2019-10-02 19:36:59', '2019-10-02 10:36:59'),
(57, 22, 11, 'よろしくお願いします\r\n', '2019-10-02 19:37:07', '2019-10-02 19:37:07', '2019-10-02 10:37:07'),
(58, 22, 11, 'よろしくお願いします', '2019-10-02 19:37:10', '2019-10-02 19:37:10', '2019-10-02 10:37:10'),
(59, 22, 12, 'サンプルサンプルサンプルサンプルサンプルサンプルサンプルサンプルサンプルサンプルサンプル', '2019-10-02 19:41:04', '2019-10-02 19:41:04', '2019-10-02 10:41:04'),
(60, 22, 13, 'サンプルサンプルサンプルサンプルサンプルサンプルサンプルサンプルサンプルサンプルサンプル', '2019-10-02 19:41:14', '2019-10-02 19:41:14', '2019-10-02 10:41:14'),
(61, 22, 15, 'サンプルサンプルサンプルサンプルサンプルサンプルサンプルサンプルサンプルサンプルサンプル', '2019-10-02 19:41:24', '2019-10-02 19:41:24', '2019-10-02 10:41:24'),
(62, 22, 15, 'サンプルサンプルサンプルサンプルサンプルサンプルサンプルサンプルサンプルサンプル', '2019-10-02 19:41:28', '2019-10-02 19:41:28', '2019-10-02 10:41:28'),
(63, 22, 15, 'サンプルサンプルサンプルサンプルサンプルサンプルサンプルサンプルサンプルサンプルサンプル', '2019-10-02 19:41:33', '2019-10-02 19:41:33', '2019-10-02 10:41:33'),
(64, 22, 15, 'サンプルサンプルサンプルサンプルサンプルサンプルサンプルサンプルサンプルサンプルサンプル', '2019-10-02 19:41:37', '2019-10-02 19:41:37', '2019-10-02 10:41:37'),
(65, 22, 15, 'サンプルサンプルサンプルサンプルサンプルサンプルサンプルサンプルサンプルサンプルサンプル', '2019-10-02 19:41:41', '2019-10-02 19:41:41', '2019-10-02 10:41:41'),
(66, 24, 12, 'サンプル2サンプル2サンプル2サンプル2サンプル2サンプル2サンプル2サンプル2サンプル2サンプル2', '2019-10-02 20:05:57', '2019-10-02 20:05:57', '2019-10-02 11:05:57'),
(67, 24, 12, 'サンプル2', '2019-10-02 20:06:02', '2019-10-02 20:06:02', '2019-10-02 11:06:02'),
(68, 24, 21, 'よろしくお願いします', '2019-10-02 20:06:18', '2019-10-02 20:06:18', '2019-10-02 11:06:18'),
(69, 24, 22, '豚のエサ', '2019-10-02 20:24:00', '2019-10-02 20:24:00', '2019-10-02 11:24:00'),
(70, 25, 23, 'よろしくお願いします。', '2019-10-02 21:53:24', '2019-10-02 21:53:24', '2019-10-02 12:53:24'),
(71, 26, 24, '情報お待ちしています', '2019-10-02 21:59:32', '2019-10-02 21:59:32', '2019-10-02 12:59:32'),
(72, 28, 25, 'よろしくお願いします。', '2019-10-02 22:18:18', '2019-10-02 22:18:18', '2019-10-02 13:18:18'),
(73, 28, 17, 'サンプル', '2019-10-02 22:19:03', '2019-10-02 22:19:03', '2019-10-02 13:19:03'),
(74, 29, 26, 'よろしくお願いします。', '2019-10-02 22:25:24', '2019-10-02 22:25:24', '2019-10-02 13:25:24'),
(75, 30, 27, 'よろしくお願いします。', '2019-10-02 22:31:55', '2019-10-02 22:31:55', '2019-10-02 13:31:55');

-- --------------------------------------------------------

--
-- テーブルの構造 `genre`
--

CREATE TABLE `genre` (
  `id` int(11) NOT NULL,
  `name` varchar(255) DEFAULT NULL,
  `create_date` datetime NOT NULL,
  `update_date` timestamp NOT NULL DEFAULT CURRENT_TIMESTAMP ON UPDATE CURRENT_TIMESTAMP
) ENGINE=InnoDB DEFAULT CHARSET=utf8;

--
-- テーブルのデータのダンプ `genre`
--

INSERT INTO `genre` (`id`, `name`, `create_date`, `update_date`) VALUES
(1, '寿司', '2019-09-05 00:00:00', '2019-09-21 01:42:55'),
(2, '天ぷら・揚げ物', '2019-09-24 00:00:00', '2019-09-21 01:42:55'),
(3, 'そば・うどん', '2019-09-27 00:00:00', '2019-09-21 01:42:55'),
(4, '焼き鳥', '2019-09-16 00:00:00', '2019-09-21 01:42:55'),
(6, 'おでん', '2019-09-18 00:00:00', '2019-09-21 01:42:55'),
(7, 'お好みやき・たこ焼き', '2019-09-24 00:00:00', '2019-09-21 01:42:55'),
(8, '丼もの', '2019-09-27 00:00:00', '2019-09-21 01:42:55'),
(9, 'ステーキ・ハンバーグ', '2019-09-10 00:00:00', '2019-09-21 01:42:55'),
(10, 'パスタ・ピザ', '2019-09-26 00:00:00', '2019-09-21 01:42:55'),
(11, 'フレンチ', '2019-09-18 00:00:00', '2019-09-21 01:42:55'),
(12, 'イタリアン', '2019-09-13 00:00:00', '2019-09-21 01:42:55'),
(13, '中華料理', '2019-09-17 00:00:00', '2019-09-21 01:42:55'),
(14, '韓国料理', '2019-09-15 00:00:00', '2019-09-21 01:42:55'),
(15, 'カレー', '2019-09-12 00:00:00', '2019-09-21 01:42:55'),
(16, '肉料理', '2019-09-26 00:00:00', '2019-10-02 12:48:11'),
(17, '鍋', '2019-09-11 00:00:00', '2019-09-21 01:42:55'),
(18, 'ラーメン', '2019-09-02 00:00:00', '2019-10-02 12:47:26'),
(19, 'スイーツ', '2019-09-10 00:00:00', '2019-09-21 01:42:55');

-- --------------------------------------------------------

--
-- テーブルの構造 `pref`
--

CREATE TABLE `pref` (
  `id` int(11) NOT NULL,
  `pref_name` varchar(255) NOT NULL
) ENGINE=InnoDB DEFAULT CHARSET=utf8;

--
-- テーブルのデータのダンプ `pref`
--

INSERT INTO `pref` (`id`, `pref_name`) VALUES
(1, '北海道'),
(2, '青森県'),
(3, '岩手県'),
(4, '宮城県'),
(5, '秋田県'),
(6, '山形県'),
(7, '福島県'),
(8, '茨城県'),
(9, '栃木県'),
(10, '群馬県'),
(11, '埼玉県'),
(12, '千葉県'),
(13, '東京都'),
(14, '神奈川県'),
(15, '山梨県'),
(16, '長野県'),
(17, '新潟県'),
(18, '富山県'),
(19, '石川県'),
(20, '福井県'),
(21, '岐阜県'),
(22, '静岡県'),
(23, '愛知県'),
(24, '三重県'),
(25, '滋賀県'),
(26, '京都府'),
(27, '大阪府'),
(28, '兵庫県'),
(29, '奈良県'),
(30, '和歌山県'),
(31, '鳥取県'),
(32, '島根県'),
(33, '岡山県'),
(34, '広島県'),
(35, '山口県'),
(36, '徳島県'),
(37, '香川県'),
(38, '愛媛県'),
(39, '高知県'),
(40, '福岡県'),
(41, '佐賀県'),
(42, '長崎県'),
(43, '熊本県'),
(44, '大分県'),
(45, '宮崎県'),
(46, '鹿児島県'),
(47, '沖縄県');

-- --------------------------------------------------------

--
-- テーブルの構造 `request`
--

CREATE TABLE `request` (
  `id` int(11) NOT NULL,
  `topic` varchar(255) DEFAULT NULL,
  `price` int(11) NOT NULL,
  `genre` int(11) NOT NULL,
  `pref` int(11) NOT NULL,
  `city` varchar(255) DEFAULT NULL,
  `other` varchar(255) DEFAULT NULL,
  `user_id` int(11) NOT NULL,
  `create_date` datetime NOT NULL,
  `update_date` timestamp NOT NULL DEFAULT CURRENT_TIMESTAMP ON UPDATE CURRENT_TIMESTAMP
) ENGINE=InnoDB DEFAULT CHARSET=utf8;

--
-- テーブルのデータのダンプ `request`
--

INSERT INTO `request` (`id`, `topic`, `price`, `genre`, `pref`, `city`, `other`, `user_id`, `create_date`, `update_date`) VALUES
(91, '醤油ラーメン', 900, 18, 2, '青森市', '', 22, '2019-10-02 19:35:40', '2019-10-02 10:35:40'),
(92, 'チャーハン', 2000, 13, 8, '', 'あんかけチャーハンが食べたいです。', 22, '2019-10-02 19:36:45', '2019-10-02 10:36:45'),
(93, 'パフェ', 5000, 19, 13, '立川市', 'バケツに入ったジャンボパフェが食いたい', 22, '2019-10-02 19:38:08', '2019-10-02 10:38:08'),
(94, 'カツ丼', 3000, 8, 3, '盛岡市', 'チェーン店はNG', 22, '2019-10-02 19:38:58', '2019-10-02 10:38:58'),
(95, '油そば', 1500, 18, 13, '', '', 22, '2019-10-02 19:40:04', '2019-10-02 10:40:04'),
(96, 'ホルモン', 20000, 16, 5, '秋田市', '個室があってゆっくりできるお店', 22, '2019-10-02 19:40:46', '2019-10-02 10:40:46'),
(97, '天ぷら', 100000, 2, 6, '', '高級店希望', 22, '2019-10-02 19:44:24', '2019-10-02 10:44:24'),
(98, 'とにかく辛いラーメン', 2000, 18, 42, '長崎市', '味は二の次でとにかく辛いのを希望します', 22, '2019-10-02 19:45:26', '2019-10-02 10:45:26'),
(99, '珍しい中華料理', 100000, 13, 4, '仙台市', 'チャーハンや酢豚等のありきたりな料理ではないものを希望します。', 23, '2019-10-02 19:48:14', '2019-10-02 10:48:14'),
(100, 'とにかく大量の肉を安く食べたい', 2000, 16, 8, '', '「スーパーで肉買え」はなしでお願いします', 23, '2019-10-02 19:49:29', '2019-10-02 10:49:29'),
(101, '会社の飲み会', 100000, 12, 12, '千葉市', '20人予定なので1人あたり5000円で飲み放題つきのコース', 24, '2019-10-02 20:02:59', '2019-10-02 11:02:59'),
(102, '大量の野菜が取れるカレー', 3000, 15, 40, '北九州市', '肉が入っていない方がいいです', 24, '2019-10-02 20:04:26', '2019-10-02 11:04:26'),
(103, 'アブラナシヤサイカラメマシニンニクスクナメアブラナシヤサイカラメマシニンニクスク', 1500, 18, 13, '', '求む至高の一杯', 24, '2019-10-02 20:23:22', '2019-10-02 11:23:22'),
(104, 'マンガ肉', 10000, 16, 13, '23区内', 'マンガ肉を食べられるお店を探しています。', 25, '2019-10-02 21:53:09', '2019-10-02 12:53:09'),
(105, '肉肉肉肉肉肉肉肉肉肉肉肉肉肉肉肉肉肉肉肉肉肉肉肉肉肉肉肉肉肉肉肉肉肉肉肉肉肉肉肉', 20000, 16, 12, '千葉市', '肉料理が豊富なお店が知りたいです', 26, '2019-10-02 21:59:16', '2019-10-02 12:59:16'),
(106, 'こってりしたラーメン', 1000, 18, 6, '天童市', '太麺希望', 28, '2019-10-02 22:18:04', '2019-10-02 13:18:04'),
(107, 'こってり豚骨魚介ラーメン', 800, 18, 7, '福島市', 'ドロドロスープ希望', 29, '2019-10-02 22:25:10', '2019-10-02 13:25:10'),
(108, '大量の肉大量の肉大量の肉大量の肉大量の肉大量の肉大量の肉大量の肉大量の肉大量の肉', 2000, 16, 37, '高松市', 'とにかく量が食べたいです。', 30, '2019-10-02 22:31:38', '2019-10-02 13:31:38');

-- --------------------------------------------------------

--
-- テーブルの構造 `users`
--

CREATE TABLE `users` (
  `id` int(11) NOT NULL,
  `username` varchar(20) DEFAULT NULL,
  `email` varchar(255) DEFAULT NULL,
  `pass` varchar(255) DEFAULT NULL,
  `login_time` datetime NOT NULL,
  `create_date` datetime NOT NULL,
  `update_date` timestamp NOT NULL DEFAULT CURRENT_TIMESTAMP ON UPDATE CURRENT_TIMESTAMP
) ENGINE=InnoDB DEFAULT CHARSET=utf8;

--
-- テーブルのデータのダンプ `users`
--

INSERT INTO `users` (`id`, `username`, `email`, `pass`, `login_time`, `create_date`, `update_date`) VALUES
(22, '太郎', 'a@email.com', '$2y$10$xU2dmdwMvOT/3i9TcolNhOieXnXdMXJSTVDUhBIh2bMz6XzV9EuT.', '2019-10-02 19:35:00', '2019-10-02 19:35:00', '2019-10-02 10:35:00'),
(23, 'ヤングマン', 'c@email.com', '$2y$10$NaeHRzG3dzdo9kGJXuEHEOmXVEFJlyD10h3z9nZhzifYIvYra4rl6', '2019-10-02 19:47:05', '2019-10-02 19:47:05', '2019-10-02 10:47:05'),
(24, '食べ次郎', 'd@email.com', '$2y$10$DQr5eTSuoAs/1f8WNKOT3.5dCjwHoY4zgbWshNK/VAPTz1wD7Fo46', '2019-10-02 20:00:41', '2019-10-02 20:00:41', '2019-10-02 11:00:41'),
(25, '食リク', 'cc@email.com', '$2y$10$jpAyAah3Yk0qWyAaWks/IuN7mY..kesSVf4WqflT5JtW7hzsvzCN2', '2019-10-02 21:51:43', '2019-10-02 21:51:43', '2019-10-02 12:51:43'),
(26, '食べ太郎', 'e@email.com', '$2y$10$9gyEhuhUCJ6yBPkNPg3Ly.divh3MF.9EsuDZLxbRHfS2Iy/S/HB6e', '2019-10-02 21:58:05', '2019-10-02 21:58:05', '2019-10-02 12:58:05'),
(27, '食べまる', 'z@email.com', '$2y$10$FZBGzd4Ph9wEd7GFAeRpOuxyamB2OlorUz0s1H3BnJ8WjqjUI1i0G', '2019-10-02 22:10:20', '2019-10-02 22:10:20', '2019-10-02 13:10:20'),
(28, '食べ子', 'f@email.com', '$2y$10$p/t5HbZxS//TBBf6t.R8N.Hgsyl84LraCy/2zTaq9Bp/zXjI8fAyu', '2019-10-02 22:17:16', '2019-10-02 22:17:16', '2019-10-02 13:17:16'),
(29, '食べっぽ', 'h@email.com', '$2y$10$2sPaJJjJtcXhHLPWk.oBYu6Or1jkvPoGoL1hRgWrFmtXmJr91seI6', '2019-10-02 22:24:17', '2019-10-02 22:24:17', '2019-10-02 13:24:17'),
(30, '食べっこ', 'r@email.com', '$2y$10$ObZVrDQ.lhC.W9AirL/e1.W5KkwrNgEQ8yIIfQwAtYhgDbCwG..li', '2019-10-02 22:30:48', '2019-10-02 22:30:48', '2019-10-02 13:30:48');

--
-- ダンプしたテーブルのインデックス
--

--
-- テーブルのインデックス `board`
--
ALTER TABLE `board`
  ADD PRIMARY KEY (`id`) USING BTREE;

--
-- テーブルのインデックス `comment`
--
ALTER TABLE `comment`
  ADD PRIMARY KEY (`id`);

--
-- テーブルのインデックス `genre`
--
ALTER TABLE `genre`
  ADD PRIMARY KEY (`id`);

--
-- テーブルのインデックス `pref`
--
ALTER TABLE `pref`
  ADD PRIMARY KEY (`id`);

--
-- テーブルのインデックス `request`
--
ALTER TABLE `request`
  ADD PRIMARY KEY (`id`);

--
-- テーブルのインデックス `users`
--
ALTER TABLE `users`
  ADD PRIMARY KEY (`id`);

--
-- ダンプしたテーブルのAUTO_INCREMENT
--

--
-- テーブルのAUTO_INCREMENT `board`
--
ALTER TABLE `board`
  MODIFY `id` int(11) NOT NULL AUTO_INCREMENT, AUTO_INCREMENT=28;

--
-- テーブルのAUTO_INCREMENT `comment`
--
ALTER TABLE `comment`
  MODIFY `id` int(11) NOT NULL AUTO_INCREMENT, AUTO_INCREMENT=76;

--
-- テーブルのAUTO_INCREMENT `genre`
--
ALTER TABLE `genre`
  MODIFY `id` int(11) NOT NULL AUTO_INCREMENT, AUTO_INCREMENT=20;

--
-- テーブルのAUTO_INCREMENT `pref`
--
ALTER TABLE `pref`
  MODIFY `id` int(11) NOT NULL AUTO_INCREMENT, AUTO_INCREMENT=48;

--
-- テーブルのAUTO_INCREMENT `request`
--
ALTER TABLE `request`
  MODIFY `id` int(11) NOT NULL AUTO_INCREMENT, AUTO_INCREMENT=109;

--
-- テーブルのAUTO_INCREMENT `users`
--
ALTER TABLE `users`
  MODIFY `id` int(11) NOT NULL AUTO_INCREMENT, AUTO_INCREMENT=31;

/*!40101 SET CHARACTER_SET_CLIENT=@OLD_CHARACTER_SET_CLIENT */;
/*!40101 SET CHARACTER_SET_RESULTS=@OLD_CHARACTER_SET_RESULTS */;
/*!40101 SET COLLATION_CONNECTION=@OLD_COLLATION_CONNECTION */;
